--airports
insert into public.airports (iata_code, full_name, country, city, id) overriding system value values ('AMS', 'Amsterdam Airport Schiphol', 'Netherlands', 'Amsterdam', 1);
insert into public.airports (iata_code, full_name, country, city, id) overriding system value values ('ATL', 'Hartsfield-Jackson Atlanta International Airport', 'United States', 'Atlanta', 2);
insert into public.airports (iata_code, full_name, country, city, id) overriding system value values ('AUS', 'Austin-Bergstrom Intl', 'United States', 'Austin', 3);
insert into public.airports (iata_code, full_name, country, city, id) overriding system value values ('BCN', 'Barcelona-El Prat Airport', 'Spain', 'Barcelona', 4);
insert into public.airports (iata_code, full_name, country, city, id) overriding system value values ('BER', 'Berlin Brandenburg Airport', 'Germany', 'Berlin', 5);
insert into public.airports (iata_code, full_name, country, city, id) overriding system value values ('DUS', 'Düsseldorf Airport', 'Germany', 'Düsseldorf', 6);
insert into public.airports (iata_code, full_name, country, city, id) overriding system value values ('DXB', 'Dubai International Airport', 'United Arab Emirates', 'Dubai', 7);
insert into public.airports (iata_code, full_name, country, city, id) overriding system value values ('EWR', 'Newark Liverty International Airport', 'United States', 'Newark', 8);
insert into public.airports (iata_code, full_name, country, city, id) overriding system value values ('FRA', 'Frankfurt Airport', 'Germany', 'Frankfurt', 9);
insert into public.airports (iata_code, full_name, country, city, id) overriding system value values ('HND', 'Haneda Airport Tokyo', 'Japan', 'Tokyo', 10);
insert into public.airports (iata_code, full_name, country, city, id) overriding system value values ('IAH', 'George Bush Intercontinental Airport Houston', 'United States', 'Houston', 11);
insert into public.airports (iata_code, full_name, country, city, id) overriding system value values ('JFK', 'John F. Kennedy International Airport', 'United States', 'New York City', 12);
insert into public.airports (iata_code, full_name, country, city, id) overriding system value values ('LAX', 'Los Angeles International Airport', 'United States', 'Los Angeles', 13);
insert into public.airports (iata_code, full_name, country, city, id) overriding system value values ('LHR', 'London Heathrow Airport', 'United Kingdom', 'London', 14);
insert into public.airports (iata_code, full_name, country, city, id) overriding system value values ('LGA', 'LaGuardia Airport', 'United States', 'New York City', 15);
insert into public.airports (iata_code, full_name, country, city, id) overriding system value values ('MAD', 'Adolfo Suárez Madrid-Barajas Airport', 'Spain', 'Madrid', 16);
insert into public.airports (iata_code, full_name, country, city, id) overriding system value values ('MEX', 'Mexico City International Airport', 'Mexico', 'Mexico City', 17);
insert into public.airports (iata_code, full_name, country, city, id) overriding system value values ('MIA', 'Miami International Airport', 'United States', 'Miami', 18);
insert into public.airports (iata_code, full_name, country, city, id) overriding system value values ('MSP', 'Minneapolis-Saint Paul International Airport', 'United States', 'Minneapolis', 19);
insert into public.airports (iata_code, full_name, country, city, id) overriding system value values ('ORD', 'Chicago O''Hare International Airport', 'United States', 'Chicago', 20);
insert into public.airports (iata_code, full_name, country, city, id) overriding system value values ('RIX', 'Riga International Airport', 'Latvia', 'Riga', 21);
insert into public.airports (iata_code, full_name, country, city, id) overriding system value values ('SJO', 'Juan Santamaría International Airport', 'Costa Rica', 'San José', 22);
insert into public.airports (iata_code, full_name, country, city, id) overriding system value values ('SVO', 'Sheremetyevo International Airport Moscow', 'Russia', 'Moscow', 23);
insert into public.airports (iata_code, full_name, country, city, id) overriding system value values ('SYD', 'Sydney Kingsford Smith Airport', 'Australia', 'Sydney', 24);
insert into public.airports (iata_code, full_name, country, city, id) overriding system value values ('TLL', 'Lennart Meri Tallinn Airport', 'Estonia', 'Tallinn', 25);
insert into public.airports (iata_code, full_name, country, city, id) overriding system value values ('YVR', 'Vancouver International Airport', 'Canada', 'Vancouver', 26);
insert into public.airports (iata_code, full_name, country, city, id) overriding system value values ('YXY', 'Erik Nielsen Whitehorse International Airport', 'Canada', 'Whitehorse', 27);
insert into public.airports (iata_code, full_name, country, city, id) overriding system value values ('YYZ', 'Toronto Pearson International Airport', 'Canada', 'Toronto', 28);
insert into public.airports (iata_code, full_name, country, city, id) overriding system value values ('SIN', 'Singapore Changi Airport', 'Singapore', 'Changi', 29);
insert into public.airports (iata_code, full_name, country, city, id) overriding system value values ('PEK', 'Beijing Capital International Airport', 'China', 'Beijing', 30);
insert into public.airports (iata_code, full_name, country, city, id) overriding system value values ('PVG', 'Shanghai Pudong International Airport', 'China', 'Shanghai', 31);
insert into public.airports (iata_code, full_name, country, city, id) overriding system value values ('CDG', 'Charles de Gaulle Airport', 'France', 'Roissy-en-France', 32);
insert into public.airports (iata_code, full_name, country, city, id) overriding system value values ('DFW', 'Dallas/Fort Worth international Airport', 'United States', 'Dallas', 33);
insert into public.airports (iata_code, full_name, country, city, id) overriding system value values ('HKG', 'Hong Kong International Airport', 'China', 'Hong Kong', 34);
insert into public.airports (iata_code, full_name, country, city, id) overriding system value values ('ICN', 'Seoul Incheon International Airport', 'South Korea', 'Incheon', 35);
insert into public.airports (iata_code, full_name, country, city, id) overriding system value values ('DEN', 'Denver International Airport', 'United States', 'Denver', 36);
insert into public.airports (iata_code, full_name, country, city, id) overriding system value values ('DEL', 'Indira Gandhi International Airport', 'India', 'Delhi', 37);
insert into public.airports (iata_code, full_name, country, city, id) overriding system value values ('BKK', 'Suvarnabhumi Airport Bangkok', 'Thailand', 'Bangkok', 38);
insert into public.airports (iata_code, full_name, country, city, id) overriding system value values ('KUL', 'Kuala Lumpur International Airport', 'Malaysia', 'Kuala Lumpur', 39);
insert into public.airports (iata_code, full_name, country, city, id) overriding system value values ('SFO', 'San Fransisco International Airport', 'United States', 'San Fransisco', 40);
insert into public.airports (iata_code, full_name, country, city, id) overriding system value values ('EIN', 'Eindhoven Airport', 'Netherlands', 'Eindhoven', 41);
insert into public.airports (iata_code, full_name, country, city, id) overriding system value values ('MUC', 'Munich Airport', 'Germany', 'Munich', 42);
insert into public.airports (iata_code, full_name, country, city, id) overriding system value values ('NAN', 'Nadi International Airport', 'Fiji', 'Namaka', 43);
insert into public.airports (iata_code, full_name, country, city, id) overriding system value values ('OLB', 'Aeroporto di Olbia-Costa Smeralda', 'Italy', 'Olbia', 44);
alter sequence public.airports_id_seq restart with 45;

--flight_routes
insert into public.flight_routes (id, origin_airport_id, destination_airport_id) overriding system value values (1, 6, 3);
insert into public.flight_routes (id, origin_airport_id, destination_airport_id) overriding system value values (2, 3, 6);
insert into public.flight_routes (id, origin_airport_id, destination_airport_id) overriding system value values (3, 13, 19);
insert into public.flight_routes (id, origin_airport_id, destination_airport_id) overriding system value values (4, 19, 13);
insert into public.flight_routes (id, origin_airport_id, destination_airport_id) overriding system value values (5, 21, 26);
insert into public.flight_routes (id, origin_airport_id, destination_airport_id) overriding system value values (6, 26, 21);
alter sequence public.flight_routes_id_seq restart with 7;

--airplanes
insert into public.airplanes (id, model, airplane_code, capacity) overriding system value values (10, 'Boeing 377', 'G-RLME', 348);
insert into public.airplanes (id, model, airplane_code, capacity) overriding system value values (13, 'Boeing 747', 'Y-JGFT', 290);
insert into public.airplanes (id, model, airplane_code, capacity) overriding system value values (14, 'Airbus A380', 'T-JBKP', 400);
insert into public.airplanes (id, model, airplane_code, capacity) overriding system value values (11, 'Wright Flyer', 'A-AAAA', 1);
insert into public.airplanes (id, model, airplane_code, capacity) overriding system value values (12, 'Supermarine Spitfire', 'B-BBBB', 2);
insert into public.airplanes (id, model, airplane_code, capacity) overriding system value values (1, 'Mini 26-Seater', 'X-WXYZ', 26);
insert into public.airplanes (id, model, airplane_code, capacity) overriding system value values (2, 'Premium Aircraft', 'Y-WXYZ', 62);
alter sequence public.airplanes_id_seq restart with 15;

--seat_types
insert into public.seat_types (id, name, extra_price) overriding system value values (5, 'Emergency Exit', 0);
insert into public.seat_types (id, name, extra_price) overriding system value values (1, 'Economy', 0);
insert into public.seat_types (id, name, extra_price) overriding system value values (3, 'Business', 120);
insert into public.seat_types (id, name, extra_price) overriding system value values (2, 'Premium Economy', 50);
insert into public.seat_types (id, name, extra_price) overriding system value values (4, 'First Class', 290);
alter sequence public.seat_types_id_seq restart with 6;

--seats
insert into public.seats (id, seat_type_id, seat_number, airplane_id) overriding system value values (1, 4, '1A', 1);
insert into public.seats (id, seat_type_id, seat_number, airplane_id) overriding system value values (2, 4, '1B', 1);
insert into public.seats (id, seat_type_id, seat_number, airplane_id) overriding system value values (3, 3, '2A', 1);
insert into public.seats (id, seat_type_id, seat_number, airplane_id) overriding system value values (4, 3, '2B', 1);
insert into public.seats (id, seat_type_id, seat_number, airplane_id) overriding system value values (5, 3, '3A', 1);
insert into public.seats (id, seat_type_id, seat_number, airplane_id) overriding system value values (6, 3, '3B', 1);
insert into public.seats (id, seat_type_id, seat_number, airplane_id) overriding system value values (7, 2, '4A', 1);
insert into public.seats (id, seat_type_id, seat_number, airplane_id) overriding system value values (8, 2, '4B', 1);
insert into public.seats (id, seat_type_id, seat_number, airplane_id) overriding system value values (9, 2, '4C', 1);
insert into public.seats (id, seat_type_id, seat_number, airplane_id) overriding system value values (10, 2, '4D', 1);
insert into public.seats (id, seat_type_id, seat_number, airplane_id) overriding system value values (11, 5, '5A', 1);
insert into public.seats (id, seat_type_id, seat_number, airplane_id) overriding system value values (12, 1, '5B', 1);
insert into public.seats (id, seat_type_id, seat_number, airplane_id) overriding system value values (13, 1, '5C', 1);
insert into public.seats (id, seat_type_id, seat_number, airplane_id) overriding system value values (14, 5, '5D', 1);
insert into public.seats (id, seat_type_id, seat_number, airplane_id) overriding system value values (15, 1, '6A', 1);
insert into public.seats (id, seat_type_id, seat_number, airplane_id) overriding system value values (16, 1, '6B', 1);
insert into public.seats (id, seat_type_id, seat_number, airplane_id) overriding system value values (17, 1, '6C', 1);
insert into public.seats (id, seat_type_id, seat_number, airplane_id) overriding system value values (18, 1, '6D', 1);
insert into public.seats (id, seat_type_id, seat_number, airplane_id) overriding system value values (19, 1, '7A', 1);
insert into public.seats (id, seat_type_id, seat_number, airplane_id) overriding system value values (20, 1, '7B', 1);
insert into public.seats (id, seat_type_id, seat_number, airplane_id) overriding system value values (21, 1, '7C', 1);
insert into public.seats (id, seat_type_id, seat_number, airplane_id) overriding system value values (22, 1, '7D', 1);
insert into public.seats (id, seat_type_id, seat_number, airplane_id) overriding system value values (23, 1, '8A', 1);
insert into public.seats (id, seat_type_id, seat_number, airplane_id) overriding system value values (24, 1, '8B', 1);
insert into public.seats (id, seat_type_id, seat_number, airplane_id) overriding system value values (25, 1, '8C', 1);
insert into public.seats (id, seat_type_id, seat_number, airplane_id) overriding system value values (26, 1, '8D', 1);
insert into public.seats (id, seat_type_id, seat_number, airplane_id) overriding system value values (27, 4, '1A', 2);
insert into public.seats (id, seat_type_id, seat_number, airplane_id) overriding system value values (28, 4, '1B', 2);
insert into public.seats (id, seat_type_id, seat_number, airplane_id) overriding system value values (29, 4, '2A', 2);
insert into public.seats (id, seat_type_id, seat_number, airplane_id) overriding system value values (30, 4, '2B', 2);
insert into public.seats (id, seat_type_id, seat_number, airplane_id) overriding system value values (31, 4, '3A', 2);
insert into public.seats (id, seat_type_id, seat_number, airplane_id) overriding system value values (32, 4, '3B', 2);
insert into public.seats (id, seat_type_id, seat_number, airplane_id) overriding system value values (33, 4, '4A', 2);
insert into public.seats (id, seat_type_id, seat_number, airplane_id) overriding system value values (34, 4, '4B', 2);
insert into public.seats (id, seat_type_id, seat_number, airplane_id) overriding system value values (35, 3, '5A', 2);
insert into public.seats (id, seat_type_id, seat_number, airplane_id) overriding system value values (36, 3, '5B', 2);
insert into public.seats (id, seat_type_id, seat_number, airplane_id) overriding system value values (37, 3, '5C', 2);
insert into public.seats (id, seat_type_id, seat_number, airplane_id) overriding system value values (38, 3, '5D', 2);
insert into public.seats (id, seat_type_id, seat_number, airplane_id) overriding system value values (39, 3, '6A', 2);
insert into public.seats (id, seat_type_id, seat_number, airplane_id) overriding system value values (40, 3, '6B', 2);
insert into public.seats (id, seat_type_id, seat_number, airplane_id) overriding system value values (41, 3, '6C', 2);
insert into public.seats (id, seat_type_id, seat_number, airplane_id) overriding system value values (42, 3, '6D', 2);
insert into public.seats (id, seat_type_id, seat_number, airplane_id) overriding system value values (43, 3, '7A', 2);
insert into public.seats (id, seat_type_id, seat_number, airplane_id) overriding system value values (45, 3, '7C', 2);
insert into public.seats (id, seat_type_id, seat_number, airplane_id) overriding system value values (46, 3, '7D', 2);
insert into public.seats (id, seat_type_id, seat_number, airplane_id) overriding system value values (47, 2, '8A', 2);
insert into public.seats (id, seat_type_id, seat_number, airplane_id) overriding system value values (48, 2, '8B', 2);
insert into public.seats (id, seat_type_id, seat_number, airplane_id) overriding system value values (49, 2, '8C', 2);
insert into public.seats (id, seat_type_id, seat_number, airplane_id) overriding system value values (50, 2, '8D', 2);
insert into public.seats (id, seat_type_id, seat_number, airplane_id) overriding system value values (51, 2, '8E', 2);
insert into public.seats (id, seat_type_id, seat_number, airplane_id) overriding system value values (52, 2, '8F', 2);
insert into public.seats (id, seat_type_id, seat_number, airplane_id) overriding system value values (53, 2, '9A', 2);
insert into public.seats (id, seat_type_id, seat_number, airplane_id) overriding system value values (54, 2, '9B', 2);
insert into public.seats (id, seat_type_id, seat_number, airplane_id) overriding system value values (55, 2, '9C', 2);
insert into public.seats (id, seat_type_id, seat_number, airplane_id) overriding system value values (56, 2, '9D', 2);
insert into public.seats (id, seat_type_id, seat_number, airplane_id) overriding system value values (57, 2, '9E', 2);
insert into public.seats (id, seat_type_id, seat_number, airplane_id) overriding system value values (58, 2, '9F', 2);
insert into public.seats (id, seat_type_id, seat_number, airplane_id) overriding system value values (59, 1, '10A', 2);
insert into public.seats (id, seat_type_id, seat_number, airplane_id) overriding system value values (60, 1, '10B', 2);
insert into public.seats (id, seat_type_id, seat_number, airplane_id) overriding system value values (61, 1, '10C', 2);
insert into public.seats (id, seat_type_id, seat_number, airplane_id) overriding system value values (62, 1, '10D', 2);
insert into public.seats (id, seat_type_id, seat_number, airplane_id) overriding system value values (63, 1, '10E', 2);
insert into public.seats (id, seat_type_id, seat_number, airplane_id) overriding system value values (64, 1, '10F', 2);
insert into public.seats (id, seat_type_id, seat_number, airplane_id) overriding system value values (65, 1, '11A', 2);
insert into public.seats (id, seat_type_id, seat_number, airplane_id) overriding system value values (66, 1, '11B', 2);
insert into public.seats (id, seat_type_id, seat_number, airplane_id) overriding system value values (67, 1, '11C', 2);
insert into public.seats (id, seat_type_id, seat_number, airplane_id) overriding system value values (68, 1, '11D', 2);
insert into public.seats (id, seat_type_id, seat_number, airplane_id) overriding system value values (69, 1, '11E', 2);
insert into public.seats (id, seat_type_id, seat_number, airplane_id) overriding system value values (70, 1, '11F', 2);
insert into public.seats (id, seat_type_id, seat_number, airplane_id) overriding system value values (71, 1, '12A', 2);
insert into public.seats (id, seat_type_id, seat_number, airplane_id) overriding system value values (72, 1, '12B', 2);
insert into public.seats (id, seat_type_id, seat_number, airplane_id) overriding system value values (73, 1, '12C', 2);
insert into public.seats (id, seat_type_id, seat_number, airplane_id) overriding system value values (74, 1, '12D', 2);
insert into public.seats (id, seat_type_id, seat_number, airplane_id) overriding system value values (75, 1, '12E', 2);
insert into public.seats (id, seat_type_id, seat_number, airplane_id) overriding system value values (76, 1, '12F', 2);
insert into public.seats (id, seat_type_id, seat_number, airplane_id) overriding system value values (77, 1, '13A', 2);
insert into public.seats (id, seat_type_id, seat_number, airplane_id) overriding system value values (78, 1, '13B', 2);
insert into public.seats (id, seat_type_id, seat_number, airplane_id) overriding system value values (79, 1, '13C', 2);
insert into public.seats (id, seat_type_id, seat_number, airplane_id) overriding system value values (80, 1, '13D', 2);
insert into public.seats (id, seat_type_id, seat_number, airplane_id) overriding system value values (81, 1, '13E', 2);
insert into public.seats (id, seat_type_id, seat_number, airplane_id) overriding system value values (82, 1, '13F', 2);
insert into public.seats (id, seat_type_id, seat_number, airplane_id) overriding system value values (83, 1, '14A', 2);
insert into public.seats (id, seat_type_id, seat_number, airplane_id) overriding system value values (84, 1, '14B', 2);
insert into public.seats (id, seat_type_id, seat_number, airplane_id) overriding system value values (85, 1, '14C', 2);
insert into public.seats (id, seat_type_id, seat_number, airplane_id) overriding system value values (86, 1, '14D', 2);
insert into public.seats (id, seat_type_id, seat_number, airplane_id) overriding system value values (87, 1, '14E', 2);
insert into public.seats (id, seat_type_id, seat_number, airplane_id) overriding system value values (88, 1, '14F', 2);
insert into public.seats (id, seat_type_id, seat_number, airplane_id) overriding system value values (44, 3, '7B', 2);
alter sequence public.seats_id_seq restart with 89;

--flights
insert into public.flights (id, departure_time, arrival_time, airplane_id, flight_route_id, base_price) overriding system value values (1, '2021-12-22 18:00:00.000000', '2021-12-22 23:00:00.000000', 1, 3, 210);
insert into public.flights (id, departure_time, arrival_time, airplane_id, flight_route_id, base_price) overriding system value values (2, '2021-12-25 16:00:00.000000', '2021-12-15 21:00:00.000000', 1, 4, 210);
insert into public.flights (id, departure_time, arrival_time, airplane_id, flight_route_id, base_price) overriding system value values (3, '2021-06-11 09:50:00.000000', '2021-06-11 21:20:00.000000', 2, 1, 550);
insert into public.flights (id, departure_time, arrival_time, airplane_id, flight_route_id, base_price) overriding system value values (4, '2021-08-20 17:00:00.000000', '2021-08-21 04:00:00.000000', 2, 2, 550);
insert into public.flights (id, departure_time, arrival_time, airplane_id, flight_route_id, base_price) overriding system value values (5, '2022-01-01 12:45:00.000000', '2022-01-01 15:35:00.000000', 1, 5, 85);
insert into public.flights (id, departure_time, arrival_time, airplane_id, flight_route_id, base_price) overriding system value values (6, '2022-01-02 17:00:00.000000', '2022-01-02 19:50:00.000000', 1, 6, 85);
alter sequence public.flights_id_seq restart with 7;

--flight_seats
insert into public.flight_seats (id, seat_id, flight_id, available) overriding system value values (27, 1, 2, true);
insert into public.flight_seats (id, seat_id, flight_id, available) overriding system value values (28, 2, 2, true);
insert into public.flight_seats (id, seat_id, flight_id, available) overriding system value values (29, 3, 2, true);
insert into public.flight_seats (id, seat_id, flight_id, available) overriding system value values (30, 4, 2, true);
insert into public.flight_seats (id, seat_id, flight_id, available) overriding system value values (31, 5, 2, true);
insert into public.flight_seats (id, seat_id, flight_id, available) overriding system value values (32, 6, 2, true);
insert into public.flight_seats (id, seat_id, flight_id, available) overriding system value values (33, 7, 2, true);
insert into public.flight_seats (id, seat_id, flight_id, available) overriding system value values (34, 8, 2, true);
insert into public.flight_seats (id, seat_id, flight_id, available) overriding system value values (35, 9, 2, true);
insert into public.flight_seats (id, seat_id, flight_id, available) overriding system value values (36, 10, 2, true);
insert into public.flight_seats (id, seat_id, flight_id, available) overriding system value values (37, 11, 2, true);
insert into public.flight_seats (id, seat_id, flight_id, available) overriding system value values (38, 12, 2, true);
insert into public.flight_seats (id, seat_id, flight_id, available) overriding system value values (39, 13, 2, true);
insert into public.flight_seats (id, seat_id, flight_id, available) overriding system value values (40, 14, 2, true);
insert into public.flight_seats (id, seat_id, flight_id, available) overriding system value values (41, 15, 2, true);
insert into public.flight_seats (id, seat_id, flight_id, available) overriding system value values (42, 16, 2, true);
insert into public.flight_seats (id, seat_id, flight_id, available) overriding system value values (43, 17, 2, true);
insert into public.flight_seats (id, seat_id, flight_id, available) overriding system value values (44, 18, 2, true);
insert into public.flight_seats (id, seat_id, flight_id, available) overriding system value values (45, 19, 2, true);
insert into public.flight_seats (id, seat_id, flight_id, available) overriding system value values (46, 20, 2, true);
insert into public.flight_seats (id, seat_id, flight_id, available) overriding system value values (47, 21, 2, true);
insert into public.flight_seats (id, seat_id, flight_id, available) overriding system value values (48, 22, 2, true);
insert into public.flight_seats (id, seat_id, flight_id, available) overriding system value values (49, 23, 2, true);
insert into public.flight_seats (id, seat_id, flight_id, available) overriding system value values (50, 24, 2, true);
insert into public.flight_seats (id, seat_id, flight_id, available) overriding system value values (51, 25, 2, true);
insert into public.flight_seats (id, seat_id, flight_id, available) overriding system value values (52, 26, 2, true);
insert into public.flight_seats (id, seat_id, flight_id, available) overriding system value values (53, 27, 3, true);
insert into public.flight_seats (id, seat_id, flight_id, available) overriding system value values (54, 28, 3, true);
insert into public.flight_seats (id, seat_id, flight_id, available) overriding system value values (55, 29, 3, true);
insert into public.flight_seats (id, seat_id, flight_id, available) overriding system value values (56, 30, 3, true);
insert into public.flight_seats (id, seat_id, flight_id, available) overriding system value values (57, 31, 3, true);
insert into public.flight_seats (id, seat_id, flight_id, available) overriding system value values (58, 32, 3, true);
insert into public.flight_seats (id, seat_id, flight_id, available) overriding system value values (59, 33, 3, true);
insert into public.flight_seats (id, seat_id, flight_id, available) overriding system value values (60, 34, 3, true);
insert into public.flight_seats (id, seat_id, flight_id, available) overriding system value values (61, 35, 3, true);
insert into public.flight_seats (id, seat_id, flight_id, available) overriding system value values (62, 36, 3, true);
insert into public.flight_seats (id, seat_id, flight_id, available) overriding system value values (63, 37, 3, true);
insert into public.flight_seats (id, seat_id, flight_id, available) overriding system value values (64, 38, 3, true);
insert into public.flight_seats (id, seat_id, flight_id, available) overriding system value values (65, 39, 3, true);
insert into public.flight_seats (id, seat_id, flight_id, available) overriding system value values (66, 40, 3, true);
insert into public.flight_seats (id, seat_id, flight_id, available) overriding system value values (67, 41, 3, true);
insert into public.flight_seats (id, seat_id, flight_id, available) overriding system value values (68, 42, 3, true);
insert into public.flight_seats (id, seat_id, flight_id, available) overriding system value values (69, 43, 3, true);
insert into public.flight_seats (id, seat_id, flight_id, available) overriding system value values (70, 44, 3, true);
insert into public.flight_seats (id, seat_id, flight_id, available) overriding system value values (71, 45, 3, true);
insert into public.flight_seats (id, seat_id, flight_id, available) overriding system value values (72, 46, 3, true);
insert into public.flight_seats (id, seat_id, flight_id, available) overriding system value values (73, 47, 3, true);
insert into public.flight_seats (id, seat_id, flight_id, available) overriding system value values (74, 48, 3, true);
insert into public.flight_seats (id, seat_id, flight_id, available) overriding system value values (75, 49, 3, true);
insert into public.flight_seats (id, seat_id, flight_id, available) overriding system value values (76, 50, 3, true);
insert into public.flight_seats (id, seat_id, flight_id, available) overriding system value values (77, 51, 3, true);
insert into public.flight_seats (id, seat_id, flight_id, available) overriding system value values (78, 52, 3, true);
insert into public.flight_seats (id, seat_id, flight_id, available) overriding system value values (79, 53, 3, true);
insert into public.flight_seats (id, seat_id, flight_id, available) overriding system value values (80, 54, 3, true);
insert into public.flight_seats (id, seat_id, flight_id, available) overriding system value values (81, 55, 3, true);
insert into public.flight_seats (id, seat_id, flight_id, available) overriding system value values (82, 56, 3, true);
insert into public.flight_seats (id, seat_id, flight_id, available) overriding system value values (83, 57, 3, true);
insert into public.flight_seats (id, seat_id, flight_id, available) overriding system value values (84, 58, 3, true);
insert into public.flight_seats (id, seat_id, flight_id, available) overriding system value values (103, 77, 3, true);
insert into public.flight_seats (id, seat_id, flight_id, available) overriding system value values (104, 78, 3, true);
insert into public.flight_seats (id, seat_id, flight_id, available) overriding system value values (105, 79, 3, true);
insert into public.flight_seats (id, seat_id, flight_id, available) overriding system value values (106, 80, 3, true);
insert into public.flight_seats (id, seat_id, flight_id, available) overriding system value values (107, 81, 3, true);
insert into public.flight_seats (id, seat_id, flight_id, available) overriding system value values (108, 82, 3, true);
insert into public.flight_seats (id, seat_id, flight_id, available) overriding system value values (109, 83, 3, true);
insert into public.flight_seats (id, seat_id, flight_id, available) overriding system value values (110, 84, 3, true);
insert into public.flight_seats (id, seat_id, flight_id, available) overriding system value values (111, 85, 3, true);
insert into public.flight_seats (id, seat_id, flight_id, available) overriding system value values (112, 86, 3, true);
insert into public.flight_seats (id, seat_id, flight_id, available) overriding system value values (113, 87, 3, true);
insert into public.flight_seats (id, seat_id, flight_id, available) overriding system value values (114, 88, 3, true);
insert into public.flight_seats (id, seat_id, flight_id, available) overriding system value values (115, 27, 4, true);
insert into public.flight_seats (id, seat_id, flight_id, available) overriding system value values (116, 28, 4, true);
insert into public.flight_seats (id, seat_id, flight_id, available) overriding system value values (117, 29, 4, true);
insert into public.flight_seats (id, seat_id, flight_id, available) overriding system value values (118, 30, 4, true);
insert into public.flight_seats (id, seat_id, flight_id, available) overriding system value values (119, 31, 4, true);
insert into public.flight_seats (id, seat_id, flight_id, available) overriding system value values (120, 32, 4, true);
insert into public.flight_seats (id, seat_id, flight_id, available) overriding system value values (121, 33, 4, true);
insert into public.flight_seats (id, seat_id, flight_id, available) overriding system value values (122, 34, 4, true);
insert into public.flight_seats (id, seat_id, flight_id, available) overriding system value values (123, 35, 4, true);
insert into public.flight_seats (id, seat_id, flight_id, available) overriding system value values (124, 36, 4, true);
insert into public.flight_seats (id, seat_id, flight_id, available) overriding system value values (125, 37, 4, true);
insert into public.flight_seats (id, seat_id, flight_id, available) overriding system value values (126, 38, 4, true);
insert into public.flight_seats (id, seat_id, flight_id, available) overriding system value values (127, 39, 4, true);
insert into public.flight_seats (id, seat_id, flight_id, available) overriding system value values (128, 40, 4, true);
insert into public.flight_seats (id, seat_id, flight_id, available) overriding system value values (129, 41, 4, true);
insert into public.flight_seats (id, seat_id, flight_id, available) overriding system value values (130, 42, 4, true);
insert into public.flight_seats (id, seat_id, flight_id, available) overriding system value values (131, 43, 4, true);
insert into public.flight_seats (id, seat_id, flight_id, available) overriding system value values (132, 44, 4, true);
insert into public.flight_seats (id, seat_id, flight_id, available) overriding system value values (133, 45, 4, true);
insert into public.flight_seats (id, seat_id, flight_id, available) overriding system value values (134, 46, 4, true);
insert into public.flight_seats (id, seat_id, flight_id, available) overriding system value values (135, 47, 4, true);
insert into public.flight_seats (id, seat_id, flight_id, available) overriding system value values (136, 48, 4, true);
insert into public.flight_seats (id, seat_id, flight_id, available) overriding system value values (137, 49, 4, true);
insert into public.flight_seats (id, seat_id, flight_id, available) overriding system value values (138, 50, 4, true);
insert into public.flight_seats (id, seat_id, flight_id, available) overriding system value values (139, 51, 4, true);
insert into public.flight_seats (id, seat_id, flight_id, available) overriding system value values (140, 52, 4, true);
insert into public.flight_seats (id, seat_id, flight_id, available) overriding system value values (141, 53, 4, true);
insert into public.flight_seats (id, seat_id, flight_id, available) overriding system value values (142, 54, 4, true);
insert into public.flight_seats (id, seat_id, flight_id, available) overriding system value values (143, 55, 4, true);
insert into public.flight_seats (id, seat_id, flight_id, available) overriding system value values (144, 56, 4, true);
insert into public.flight_seats (id, seat_id, flight_id, available) overriding system value values (145, 57, 4, true);
insert into public.flight_seats (id, seat_id, flight_id, available) overriding system value values (146, 58, 4, true);
insert into public.flight_seats (id, seat_id, flight_id, available) overriding system value values (147, 59, 4, true);
insert into public.flight_seats (id, seat_id, flight_id, available) overriding system value values (148, 60, 4, true);
insert into public.flight_seats (id, seat_id, flight_id, available) overriding system value values (149, 61, 4, true);
insert into public.flight_seats (id, seat_id, flight_id, available) overriding system value values (150, 62, 4, true);
insert into public.flight_seats (id, seat_id, flight_id, available) overriding system value values (151, 63, 4, true);
insert into public.flight_seats (id, seat_id, flight_id, available) overriding system value values (152, 64, 4, true);
insert into public.flight_seats (id, seat_id, flight_id, available) overriding system value values (153, 65, 4, true);
insert into public.flight_seats (id, seat_id, flight_id, available) overriding system value values (154, 66, 4, true);
insert into public.flight_seats (id, seat_id, flight_id, available) overriding system value values (155, 67, 4, true);
insert into public.flight_seats (id, seat_id, flight_id, available) overriding system value values (156, 68, 4, true);
insert into public.flight_seats (id, seat_id, flight_id, available) overriding system value values (157, 69, 4, true);
insert into public.flight_seats (id, seat_id, flight_id, available) overriding system value values (158, 70, 4, true);
insert into public.flight_seats (id, seat_id, flight_id, available) overriding system value values (159, 71, 4, true);
insert into public.flight_seats (id, seat_id, flight_id, available) overriding system value values (160, 72, 4, true);
insert into public.flight_seats (id, seat_id, flight_id, available) overriding system value values (161, 73, 4, true);
insert into public.flight_seats (id, seat_id, flight_id, available) overriding system value values (162, 74, 4, true);
insert into public.flight_seats (id, seat_id, flight_id, available) overriding system value values (163, 75, 4, true);
insert into public.flight_seats (id, seat_id, flight_id, available) overriding system value values (164, 76, 4, true);
insert into public.flight_seats (id, seat_id, flight_id, available) overriding system value values (165, 77, 4, true);
insert into public.flight_seats (id, seat_id, flight_id, available) overriding system value values (166, 78, 4, true);
insert into public.flight_seats (id, seat_id, flight_id, available) overriding system value values (167, 79, 4, true);
insert into public.flight_seats (id, seat_id, flight_id, available) overriding system value values (168, 80, 4, true);
insert into public.flight_seats (id, seat_id, flight_id, available) overriding system value values (169, 81, 4, true);
insert into public.flight_seats (id, seat_id, flight_id, available) overriding system value values (170, 82, 4, true);
insert into public.flight_seats (id, seat_id, flight_id, available) overriding system value values (171, 83, 4, true);
insert into public.flight_seats (id, seat_id, flight_id, available) overriding system value values (172, 84, 4, true);
insert into public.flight_seats (id, seat_id, flight_id, available) overriding system value values (173, 85, 4, true);
insert into public.flight_seats (id, seat_id, flight_id, available) overriding system value values (174, 86, 4, true);
insert into public.flight_seats (id, seat_id, flight_id, available) overriding system value values (175, 87, 4, true);
insert into public.flight_seats (id, seat_id, flight_id, available) overriding system value values (176, 88, 4, true);
insert into public.flight_seats (id, seat_id, flight_id, available) overriding system value values (177, 1, 5, true);
insert into public.flight_seats (id, seat_id, flight_id, available) overriding system value values (178, 2, 5, true);
insert into public.flight_seats (id, seat_id, flight_id, available) overriding system value values (179, 3, 5, true);
insert into public.flight_seats (id, seat_id, flight_id, available) overriding system value values (180, 4, 5, true);
insert into public.flight_seats (id, seat_id, flight_id, available) overriding system value values (181, 5, 5, true);
insert into public.flight_seats (id, seat_id, flight_id, available) overriding system value values (182, 6, 5, true);
insert into public.flight_seats (id, seat_id, flight_id, available) overriding system value values (183, 7, 5, true);
insert into public.flight_seats (id, seat_id, flight_id, available) overriding system value values (184, 8, 5, true);
insert into public.flight_seats (id, seat_id, flight_id, available) overriding system value values (185, 9, 5, true);
insert into public.flight_seats (id, seat_id, flight_id, available) overriding system value values (85, 59, 3, false);
insert into public.flight_seats (id, seat_id, flight_id, available) overriding system value values (98, 72, 3, false);
insert into public.flight_seats (id, seat_id, flight_id, available) overriding system value values (99, 73, 3, false);
insert into public.flight_seats (id, seat_id, flight_id, available) overriding system value values (96, 70, 3, false);
insert into public.flight_seats (id, seat_id, flight_id, available) overriding system value values (97, 71, 3, false);
insert into public.flight_seats (id, seat_id, flight_id, available) overriding system value values (102, 76, 3, false);
insert into public.flight_seats (id, seat_id, flight_id, available) overriding system value values (100, 74, 3, false);
insert into public.flight_seats (id, seat_id, flight_id, available) overriding system value values (101, 75, 3, false);
insert into public.flight_seats (id, seat_id, flight_id, available) overriding system value values (90, 64, 3, false);
insert into public.flight_seats (id, seat_id, flight_id, available) overriding system value values (91, 65, 3, false);
insert into public.flight_seats (id, seat_id, flight_id, available) overriding system value values (88, 62, 3, false);
insert into public.flight_seats (id, seat_id, flight_id, available) overriding system value values (89, 63, 3, false);
insert into public.flight_seats (id, seat_id, flight_id, available) overriding system value values (94, 68, 3, false);
insert into public.flight_seats (id, seat_id, flight_id, available) overriding system value values (95, 69, 3, false);
insert into public.flight_seats (id, seat_id, flight_id, available) overriding system value values (92, 66, 3, false);
insert into public.flight_seats (id, seat_id, flight_id, available) overriding system value values (93, 67, 3, false);
insert into public.flight_seats (id, seat_id, flight_id, available) overriding system value values (86, 60, 3, false);
insert into public.flight_seats (id, seat_id, flight_id, available) overriding system value values (87, 61, 3, false);
insert into public.flight_seats (id, seat_id, flight_id, available) overriding system value values (186, 10, 5, true);
insert into public.flight_seats (id, seat_id, flight_id, available) overriding system value values (187, 11, 5, true);
insert into public.flight_seats (id, seat_id, flight_id, available) overriding system value values (188, 12, 5, true);
insert into public.flight_seats (id, seat_id, flight_id, available) overriding system value values (189, 13, 5, true);
insert into public.flight_seats (id, seat_id, flight_id, available) overriding system value values (190, 14, 5, true);
insert into public.flight_seats (id, seat_id, flight_id, available) overriding system value values (191, 15, 5, true);
insert into public.flight_seats (id, seat_id, flight_id, available) overriding system value values (192, 16, 5, true);
insert into public.flight_seats (id, seat_id, flight_id, available) overriding system value values (193, 17, 5, true);
insert into public.flight_seats (id, seat_id, flight_id, available) overriding system value values (194, 18, 5, true);
insert into public.flight_seats (id, seat_id, flight_id, available) overriding system value values (195, 19, 5, true);
insert into public.flight_seats (id, seat_id, flight_id, available) overriding system value values (196, 20, 5, true);
insert into public.flight_seats (id, seat_id, flight_id, available) overriding system value values (197, 21, 5, true);
insert into public.flight_seats (id, seat_id, flight_id, available) overriding system value values (198, 22, 5, true);
insert into public.flight_seats (id, seat_id, flight_id, available) overriding system value values (199, 23, 5, true);
insert into public.flight_seats (id, seat_id, flight_id, available) overriding system value values (200, 24, 5, true);
insert into public.flight_seats (id, seat_id, flight_id, available) overriding system value values (201, 25, 5, true);
insert into public.flight_seats (id, seat_id, flight_id, available) overriding system value values (202, 26, 5, true);
insert into public.flight_seats (id, seat_id, flight_id, available) overriding system value values (203, 1, 6, true);
insert into public.flight_seats (id, seat_id, flight_id, available) overriding system value values (204, 2, 6, true);
insert into public.flight_seats (id, seat_id, flight_id, available) overriding system value values (205, 3, 6, true);
insert into public.flight_seats (id, seat_id, flight_id, available) overriding system value values (206, 4, 6, true);
insert into public.flight_seats (id, seat_id, flight_id, available) overriding system value values (207, 5, 6, true);
insert into public.flight_seats (id, seat_id, flight_id, available) overriding system value values (208, 6, 6, true);
insert into public.flight_seats (id, seat_id, flight_id, available) overriding system value values (209, 7, 6, true);
insert into public.flight_seats (id, seat_id, flight_id, available) overriding system value values (210, 8, 6, true);
insert into public.flight_seats (id, seat_id, flight_id, available) overriding system value values (211, 9, 6, true);
insert into public.flight_seats (id, seat_id, flight_id, available) overriding system value values (212, 10, 6, true);
insert into public.flight_seats (id, seat_id, flight_id, available) overriding system value values (213, 11, 6, true);
insert into public.flight_seats (id, seat_id, flight_id, available) overriding system value values (214, 12, 6, true);
insert into public.flight_seats (id, seat_id, flight_id, available) overriding system value values (215, 13, 6, true);
insert into public.flight_seats (id, seat_id, flight_id, available) overriding system value values (216, 14, 6, true);
insert into public.flight_seats (id, seat_id, flight_id, available) overriding system value values (217, 15, 6, true);
insert into public.flight_seats (id, seat_id, flight_id, available) overriding system value values (218, 16, 6, true);
insert into public.flight_seats (id, seat_id, flight_id, available) overriding system value values (219, 17, 6, true);
insert into public.flight_seats (id, seat_id, flight_id, available) overriding system value values (220, 18, 6, true);
insert into public.flight_seats (id, seat_id, flight_id, available) overriding system value values (221, 19, 6, true);
insert into public.flight_seats (id, seat_id, flight_id, available) overriding system value values (222, 20, 6, true);
insert into public.flight_seats (id, seat_id, flight_id, available) overriding system value values (223, 21, 6, true);
insert into public.flight_seats (id, seat_id, flight_id, available) overriding system value values (224, 22, 6, true);
insert into public.flight_seats (id, seat_id, flight_id, available) overriding system value values (225, 23, 6, true);
insert into public.flight_seats (id, seat_id, flight_id, available) overriding system value values (226, 24, 6, true);
insert into public.flight_seats (id, seat_id, flight_id, available) overriding system value values (227, 25, 6, true);
insert into public.flight_seats (id, seat_id, flight_id, available) overriding system value values (228, 26, 6, true);
insert into public.flight_seats (id, seat_id, flight_id, available) overriding system value values (3, 3, 1, false);
insert into public.flight_seats (id, seat_id, flight_id, available) overriding system value values (1, 1, 1, false);
insert into public.flight_seats (id, seat_id, flight_id, available) overriding system value values (6, 6, 1, false);
insert into public.flight_seats (id, seat_id, flight_id, available) overriding system value values (7, 7, 1, false);
insert into public.flight_seats (id, seat_id, flight_id, available) overriding system value values (4, 4, 1, false);
insert into public.flight_seats (id, seat_id, flight_id, available) overriding system value values (5, 5, 1, false);
insert into public.flight_seats (id, seat_id, flight_id, available) overriding system value values (26, 26, 1, false);
insert into public.flight_seats (id, seat_id, flight_id, available) overriding system value values (24, 24, 1, false);
insert into public.flight_seats (id, seat_id, flight_id, available) overriding system value values (25, 25, 1, false);
insert into public.flight_seats (id, seat_id, flight_id, available) overriding system value values (18, 18, 1, false);
insert into public.flight_seats (id, seat_id, flight_id, available) overriding system value values (19, 19, 1, false);
insert into public.flight_seats (id, seat_id, flight_id, available) overriding system value values (16, 16, 1, false);
insert into public.flight_seats (id, seat_id, flight_id, available) overriding system value values (17, 17, 1, false);
insert into public.flight_seats (id, seat_id, flight_id, available) overriding system value values (22, 22, 1, false);
insert into public.flight_seats (id, seat_id, flight_id, available) overriding system value values (23, 23, 1, false);
insert into public.flight_seats (id, seat_id, flight_id, available) overriding system value values (20, 20, 1, false);
insert into public.flight_seats (id, seat_id, flight_id, available) overriding system value values (21, 21, 1, false);
insert into public.flight_seats (id, seat_id, flight_id, available) overriding system value values (10, 10, 1, false);
insert into public.flight_seats (id, seat_id, flight_id, available) overriding system value values (11, 11, 1, false);
insert into public.flight_seats (id, seat_id, flight_id, available) overriding system value values (8, 8, 1, false);
insert into public.flight_seats (id, seat_id, flight_id, available) overriding system value values (9, 9, 1, false);
insert into public.flight_seats (id, seat_id, flight_id, available) overriding system value values (14, 14, 1, false);
insert into public.flight_seats (id, seat_id, flight_id, available) overriding system value values (15, 15, 1, false);
insert into public.flight_seats (id, seat_id, flight_id, available) overriding system value values (12, 12, 1, false);
insert into public.flight_seats (id, seat_id, flight_id, available) overriding system value values (13, 13, 1, false);
insert into public.flight_seats (id, seat_id, flight_id, available) overriding system value values (2, 2, 1, false);
alter sequence public.flight_seats_id_seq restart with 229;

--meal_types
insert into public.meal_types (id, name) overriding system value values (5, 'Muslim');
insert into public.meal_types (id, name) overriding system value values (6, 'Kosher');
insert into public.meal_types (id, name) overriding system value values (7, 'Child Meal');
insert into public.meal_types (id, name) overriding system value values (8, 'Diabetic');
insert into public.meal_types (id, name) overriding system value values (9, 'Gluten Free');
insert into public.meal_types (id, name) overriding system value values (10, 'Lactose Free');
insert into public.meal_types (id, name) overriding system value values (4, 'Vegetarian');
insert into public.meal_types (id, name) overriding system value values (3, 'Vegan');
insert into public.meal_types (id, name) overriding system value values (1, 'None');
insert into public.meal_types (id, name) overriding system value values (2, 'Standard Meal');
alter sequence public.meal_types_id_seq restart with 11;

--user_types
insert into public.user_types (id, name) overriding system value values (1, 'Sales Employee');
insert into public.user_types (id, name) overriding system value values (2, 'Sales Officer');
insert into public.user_types (id, name) overriding system value values (3, 'Sales Manager');
insert into public.user_types (id, name) overriding system value values (4, 'Admin');
alter sequence public.user_types_id_seq restart with 5;

--users
insert into public.users (id, user_name, user_type) overriding system value values (1, 'BenSwiezy', 1);
insert into public.users (id, user_name, user_type) overriding system value values (2, 'AlexBoening', 2);
insert into public.users (id, user_name, user_type) overriding system value values (6, 'RachelDavis', 2);
insert into public.users (id, user_name, user_type) overriding system value values (3, 'JoelDelgado', 3);
insert into public.users (id, user_name, user_type) overriding system value values (7, 'PieterHombergh', 4);
insert into public.users (id, user_name, user_type) overriding system value values (5, 'MonikaDobreva', 1);
insert into public.users (id, user_name, user_type) overriding system value values (4, 'RichardHam', 4);
alter sequence public.users_id_seq restart with 8;

--persons
insert into public.persons (id, first_name, last_name, email, birth_date, gender) overriding system value values (1, 'Paul', 'Collins', 'houle@sbcglobal.net', '1947-10-03', 'm');
insert into public.persons (id, first_name, last_name, email, birth_date, gender) overriding system value values (2, 'Christopher', 'Cherry', 'okroeger@sbcglobal.net', '1953-04-29', 'm');
insert into public.persons (id, first_name, last_name, email, birth_date, gender) overriding system value values (3, 'Thomas', 'Jones', 'konst@comcast.net', '1954-03-11', 'm');
insert into public.persons (id, first_name, last_name, email, birth_date, gender) overriding system value values (4, 'Susan', 'Meyer', 'fviegas@sbcglobal.net', '1960-05-30', 'f');
insert into public.persons (id, first_name, last_name, email, birth_date, gender) overriding system value values (5, 'Linda', 'Walker', 'nelson@mac.com', '1964-04-05', 'f');
insert into public.persons (id, first_name, last_name, email, birth_date, gender) overriding system value values (6, 'Roy', 'Kelly', 'sthomas@optonline.net', '1944-11-18', 'm');
insert into public.persons (id, first_name, last_name, email, birth_date, gender) overriding system value values (7, 'William', 'Marley', 'nasor@me.com', '1972-05-28', 'm');
insert into public.persons (id, first_name, last_name, email, birth_date, gender) overriding system value values (8, 'Maria', 'Mitchell', 'preneel@att.net', '1989-03-06', 'f');
insert into public.persons (id, first_name, last_name, email, birth_date, gender) overriding system value values (9, 'Craig', 'Smith', 'hakim@att.net', '1946-10-19', 'm');
insert into public.persons (id, first_name, last_name, email, birth_date, gender) overriding system value values (10, 'Karen', 'Wood', 'bruck@aol.com', '1953-01-31', 'f');
insert into public.persons (id, first_name, last_name, email, birth_date, gender) overriding system value values (11, 'Jennifer', 'Graham', 'dalamb@optonline.net', '1970-11-06', 'd');
insert into public.persons (id, first_name, last_name, email, birth_date, gender) overriding system value values (12, 'Mary', 'Harvey', 'bsikdar@optonline.net', '1972-11-05', 'f');
insert into public.persons (id, first_name, last_name, email, birth_date, gender) overriding system value values (13, 'Paul', 'Miles', 'fmerges@gmail.com', '1958-01-09', 'm');
insert into public.persons (id, first_name, last_name, email, birth_date, gender) overriding system value values (14, 'Salim', 'Mills', 'tkrotchko@optonline.net', '1970-04-15', 'm');
insert into public.persons (id, first_name, last_name, email, birth_date, gender) overriding system value values (15, 'Robert', 'Thompson', 'carcus@mac.com', '1984-10-13', 'm');
insert into public.persons (id, first_name, last_name, email, birth_date, gender) overriding system value values (16, 'Simon', 'Donald', 'carreras@hotmail.com', '1996-07-29', 'm');
insert into public.persons (id, first_name, last_name, email, birth_date, gender) overriding system value values (17, 'Ian', 'Malik', 'luebke@att.net', '2002-07-07', 'm');
insert into public.persons (id, first_name, last_name, email, birth_date, gender) overriding system value values (18, 'Hazel', 'Mason', 'jgwang@optonline.net', '1996-05-11', 'f');
insert into public.persons (id, first_name, last_name, email, birth_date, gender) overriding system value values (19, 'Christine', 'Nichols', 'kudra@msn.com', '1948-12-03', 'f');
insert into public.persons (id, first_name, last_name, email, birth_date, gender) overriding system value values (20, 'Adrian', 'Williams', 'slanglois@hotmail.com', '1949-01-31', 'm');
insert into public.persons (id, first_name, last_name, email, birth_date, gender) overriding system value values (21, 'Jane', 'Jones', 'horrocks@yahoo.ca', '1957-03-07', 'f');
insert into public.persons (id, first_name, last_name, email, birth_date, gender) overriding system value values (22, 'Dezra', 'Bell', 'comdig@icloud.com', '1977-12-15', 'f');
insert into public.persons (id, first_name, last_name, email, birth_date, gender) overriding system value values (23, 'Graham', 'Barrett', 'ianbuck@optonline.net', '1949-10-01', 'm');
insert into public.persons (id, first_name, last_name, email, birth_date, gender) overriding system value values (24, 'Deborah', 'Matthews', 'niknejad@me.com', '1949-11-15', 'f');
insert into public.persons (id, first_name, last_name, email, birth_date, gender) overriding system value values (25, 'Stephen', 'Smith', 'rupak@outlook.com', '1967-05-11', 'm');
insert into public.persons (id, first_name, last_name, email, birth_date, gender) overriding system value values (26, 'Claire', 'Sharpe', 'syncnine@verizon.net', '1974-07-19', 'f');
insert into public.persons (id, first_name, last_name, email, birth_date, gender) overriding system value values (27, 'Patrick', 'Duncan', 'karasik@optonline.net', '1996-02-22', 'm');
insert into public.persons (id, first_name, last_name, email, birth_date, gender) overriding system value values (28, 'Paul', 'Akram', 'phish@verizon.net', '1944-12-27', 'm');
insert into public.persons (id, first_name, last_name, email, birth_date, gender) overriding system value values (29, 'John', 'West', 'ebassi@att.net', '1950-01-05', 'm');
insert into public.persons (id, first_name, last_name, email, birth_date, gender) overriding system value values (30, 'Derek', 'Young', 'mfleming@outlook.com', '1951-02-06', 'm');
insert into public.persons (id, first_name, last_name, email, birth_date, gender) overriding system value values (31, 'John', 'Jones', 'bartak@msn.com', '1960-06-05', 'm');
insert into public.persons (id, first_name, last_name, email, birth_date, gender) overriding system value values (32, 'Gordon', 'Baker', 'treit@me.com', '1965-04-02', 'm');
insert into public.persons (id, first_name, last_name, email, birth_date, gender) overriding system value values (33, 'Kenneth', 'Barlow', 'ubergeeb@hotmail.com', '1969-11-17', 'm');
insert into public.persons (id, first_name, last_name, email, birth_date, gender) overriding system value values (34, 'David', 'Reeder', 'staikos@aol.com', '1976-10-31', 'm');
insert into public.persons (id, first_name, last_name, email, birth_date, gender) overriding system value values (35, 'Jennifer', 'Redick', 'avalon@me.com', '1984-06-05', 'f');
insert into public.persons (id, first_name, last_name, email, birth_date, gender) overriding system value values (36, 'Nathan', 'Edwards', 'ideguy@yahoo.ca', '1986-08-16', 'm');
insert into public.persons (id, first_name, last_name, email, birth_date, gender) overriding system value values (37, 'Michael', 'Shepherd', 'natepuri@mac.com', '1998-05-07', 'm');
insert into public.persons (id, first_name, last_name, email, birth_date, gender) overriding system value values (38, 'Daniel', 'Chick', 'fmerges@verizon.net', '1946-12-05', 'm');
insert into public.persons (id, first_name, last_name, email, birth_date, gender) overriding system value values (39, 'Paul', 'Rose', 'sinkou@icloud.com', '1972-09-18', 'm');
insert into public.persons (id, first_name, last_name, email, birth_date, gender) overriding system value values (40, 'Eva', 'Towns', 'kidehen@aol.com', '1978-10-13', 'f');
insert into public.persons (id, first_name, last_name, email, birth_date, gender) overriding system value values (41, 'Janet', 'Brown', 'dsowsy@icloud.com', '1981-10-28', 'f');
insert into public.persons (id, first_name, last_name, email, birth_date, gender) overriding system value values (42, 'Colin', 'Baker', 'dkrishna@aol.com', '1994-10-25', 'm');
insert into public.persons (id, first_name, last_name, email, birth_date, gender) overriding system value values (43, 'Justin', 'Green', 'rogerspl@me.com', '1970-10-07', 'm');
insert into public.persons (id, first_name, last_name, email, birth_date, gender) overriding system value values (44, 'Elaine', 'Rodwell', 'seasweb@gmail.com', '1955-07-16', 'f');
insert into public.persons (id, first_name, last_name, email, birth_date, gender) overriding system value values (45, 'Jeffrey', 'Last', 'uncle@yahoo.ca', '1967-12-25', 'm');
insert into public.persons (id, first_name, last_name, email, birth_date, gender) overriding system value values (46, 'Scott', 'Coley', 'seemant@msn.com', '1945-01-26', 'm');
insert into public.persons (id, first_name, last_name, email, birth_date, gender) overriding system value values (47, 'Kenning', 'Alder', 'meinkej@aol.com', '1953-06-20', 'd');
insert into public.persons (id, first_name, last_name, email, birth_date, gender) overriding system value values (48, 'Keith', 'Illingsworth', 'jemarch@gmail.com', '1961-06-23', 'm');
insert into public.persons (id, first_name, last_name, email, birth_date, gender) overriding system value values (49, 'Peter', 'Fox', 'msusa@icloud.com', '1980-08-02', 'm');
insert into public.persons (id, first_name, last_name, email, birth_date, gender) overriding system value values (50, 'Robert', 'Cunningham', 'syrinx@sbcglobal.net', '2000-01-28', 'm');
alter sequence public.persons_id_seq restart with 51;

--passengers
insert into public.passengers (id, passport_number, person_id) overriding system value values (1, '3F0MIL6UW', 1);
insert into public.passengers (id, passport_number, person_id) overriding system value values (2, 'RG0DP1EPB', 3);
insert into public.passengers (id, passport_number, person_id) overriding system value values (3, 'ZGTR77RZK', 4);
insert into public.passengers (id, passport_number, person_id) overriding system value values (4, 'QD2A2KNYB', 5);
insert into public.passengers (id, passport_number, person_id) overriding system value values (5, 'UDJ6O7VZU', 6);
insert into public.passengers (id, passport_number, person_id) overriding system value values (6, 'QDIMSWCGM', 7);
insert into public.passengers (id, passport_number, person_id) overriding system value values (7, 'XCGI08F4T', 8);
insert into public.passengers (id, passport_number, person_id) overriding system value values (8, 'BZFYB2KFU', 9);
insert into public.passengers (id, passport_number, person_id) overriding system value values (9, 'BVU3Y686A', 10);
insert into public.passengers (id, passport_number, person_id) overriding system value values (10, 'I90HLT2UE', 11);
insert into public.passengers (id, passport_number, person_id) overriding system value values (11, 'WDI12J6M9', 13);
insert into public.passengers (id, passport_number, person_id) overriding system value values (12, 'BVMIK0SFO', 16);
insert into public.passengers (id, passport_number, person_id) overriding system value values (13, 'ANXZOMJEH', 17);
insert into public.passengers (id, passport_number, person_id) overriding system value values (14, 'BJVQMCV7G', 18);
insert into public.passengers (id, passport_number, person_id) overriding system value values (15, 'YRX6WLZ8L', 19);
insert into public.passengers (id, passport_number, person_id) overriding system value values (16, 'CLLXY2IAD', 20);
insert into public.passengers (id, passport_number, person_id) overriding system value values (17, '45IADJLFG', 21);
insert into public.passengers (id, passport_number, person_id) overriding system value values (18, 'SMDRLLMCR', 22);
insert into public.passengers (id, passport_number, person_id) overriding system value values (19, '5G8FQYKN6', 23);
insert into public.passengers (id, passport_number, person_id) overriding system value values (20, 'T2JJCTRNX', 24);
insert into public.passengers (id, passport_number, person_id) overriding system value values (21, 'AWNN5E1N9', 25);
insert into public.passengers (id, passport_number, person_id) overriding system value values (22, 'O7E4SUDPE', 26);
insert into public.passengers (id, passport_number, person_id) overriding system value values (23, 'K8G3BFSLU', 27);
insert into public.passengers (id, passport_number, person_id) overriding system value values (24, 'LL4EWP934', 28);
insert into public.passengers (id, passport_number, person_id) overriding system value values (25, '8ON4S9Q8H', 29);
insert into public.passengers (id, passport_number, person_id) overriding system value values (26, 'STINLSK6F', 30);
insert into public.passengers (id, passport_number, person_id) overriding system value values (27, 'YV11BSJ6N', 31);
insert into public.passengers (id, passport_number, person_id) overriding system value values (28, 'UJFZ19YY8', 33);
insert into public.passengers (id, passport_number, person_id) overriding system value values (29, 'DYAW52TP6', 34);
insert into public.passengers (id, passport_number, person_id) overriding system value values (30, 'L744XOC34', 35);
insert into public.passengers (id, passport_number, person_id) overriding system value values (31, 'TW702GGC0', 36);
insert into public.passengers (id, passport_number, person_id) overriding system value values (32, 'ZD3R7IWEI', 37);
insert into public.passengers (id, passport_number, person_id) overriding system value values (33, '6UAYHACZJ', 38);
insert into public.passengers (id, passport_number, person_id) overriding system value values (34, 'G8C1OD7W4', 39);
insert into public.passengers (id, passport_number, person_id) overriding system value values (35, '706XPRIC2', 40);
insert into public.passengers (id, passport_number, person_id) overriding system value values (36, '99W2XOWX2', 42);
insert into public.passengers (id, passport_number, person_id) overriding system value values (37, '15SLWLHGY', 43);
insert into public.passengers (id, passport_number, person_id) overriding system value values (38, '956VCQ3M1', 44);
insert into public.passengers (id, passport_number, person_id) overriding system value values (39, 'SCBTKQ1KR', 45);
insert into public.passengers (id, passport_number, person_id) overriding system value values (40, '44N4TPFI8', 46);
insert into public.passengers (id, passport_number, person_id) overriding system value values (41, 'H42C0J7RW', 47);
insert into public.passengers (id, passport_number, person_id) overriding system value values (42, 'VBGFP7HRH', 48);
insert into public.passengers (id, passport_number, person_id) overriding system value values (43, 'GWBCGJ2CC', 49);
insert into public.passengers (id, passport_number, person_id) overriding system value values (44, 'N8TFVQVPL', 50);
alter sequence public.passengers_id_seq restart with 45;

--bookings
insert into public.bookings (id, person_id, user_id, time_of_booking) overriding system value values (10, 16, 5, '2021-04-11 15:05:32.000000');
insert into public.bookings (id, person_id, user_id, time_of_booking) overriding system value values (3, 4, 5, '2021-04-11 14:57:24.000000');
insert into public.bookings (id, person_id, user_id, time_of_booking) overriding system value values (1, 1, 1, '2021-04-11 14:53:21.000000');
insert into public.bookings (id, person_id, user_id, time_of_booking) overriding system value values (2, 2, 5, '2021-04-11 14:57:18.000000');
insert into public.bookings (id, person_id, user_id, time_of_booking) overriding system value values (15, 26, 5, '2021-04-11 15:05:37.000000');
insert into public.bookings (id, person_id, user_id, time_of_booking) overriding system value values (25, 46, 1, '2021-04-11 15:05:51.000000');
insert into public.bookings (id, person_id, user_id, time_of_booking) overriding system value values (20, 37, 1, '2021-04-11 15:05:44.000000');
insert into public.bookings (id, person_id, user_id, time_of_booking) overriding system value values (17, 29, 1, '2021-04-11 15:05:39.000000');
insert into public.bookings (id, person_id, user_id, time_of_booking) overriding system value values (22, 40, 5, '2021-04-11 15:05:46.000000');
insert into public.bookings (id, person_id, user_id, time_of_booking) overriding system value values (12, 20, 1, '2021-04-11 15:05:34.000000');
insert into public.bookings (id, person_id, user_id, time_of_booking) overriding system value values (13, 23, 1, '2021-04-11 15:05:35.000000');
insert into public.bookings (id, person_id, user_id, time_of_booking) overriding system value values (6, 8, 1, '2021-04-11 15:05:26.000000');
insert into public.bookings (id, person_id, user_id, time_of_booking) overriding system value values (23, 41, 1, '2021-04-11 15:05:48.000000');
insert into public.bookings (id, person_id, user_id, time_of_booking) overriding system value values (16, 27, 1, '2021-04-11 15:05:38.000000');
insert into public.bookings (id, person_id, user_id, time_of_booking) overriding system value values (26, 48, 1, '2021-04-11 15:05:52.000000');
insert into public.bookings (id, person_id, user_id, time_of_booking) overriding system value values (11, 19, 1, '2021-04-11 15:05:33.000000');
insert into public.bookings (id, person_id, user_id, time_of_booking) overriding system value values (7, 10, 5, '2021-04-11 15:05:27.000000');
insert into public.bookings (id, person_id, user_id, time_of_booking) overriding system value values (8, 12, 1, '2021-04-11 15:05:29.000000');
insert into public.bookings (id, person_id, user_id, time_of_booking) overriding system value values (24, 45, 1, '2021-04-11 15:05:49.000000');
insert into public.bookings (id, person_id, user_id, time_of_booking) overriding system value values (18, 32, 1, '2021-04-11 15:05:41.000000');
insert into public.bookings (id, person_id, user_id, time_of_booking) overriding system value values (4, 6, 1, '2021-04-11 14:58:15.000000');
insert into public.bookings (id, person_id, user_id, time_of_booking) overriding system value values (21, 39, 5, '2021-04-11 15:05:45.000000');
insert into public.bookings (id, person_id, user_id, time_of_booking) overriding system value values (9, 14, 5, '2021-04-11 15:05:30.000000');
insert into public.bookings (id, person_id, user_id, time_of_booking) overriding system value values (5, 7, 1, '2021-04-11 15:05:24.000000');
insert into public.bookings (id, person_id, user_id, time_of_booking) overriding system value values (14, 25, 5, '2021-04-11 15:05:36.000000');
insert into public.bookings (id, person_id, user_id, time_of_booking) overriding system value values (19, 36, 5, '2021-04-11 15:05:42.000000');
insert into public.bookings (id, person_id, user_id, time_of_booking) overriding system value values (27, 50, 5, '2021-04-11 15:05:53.000000');
alter sequence public.bookings_id_seq restart with 28;

--tickets
insert into public.tickets (id, flight_seat_id, cabin_baggage, checked_baggage, meal_id, booking_id, canceled, passenger_id, price_paid) overriding system value values (25, 14, 1, 1, 1, 17, false, 25, 210);
insert into public.tickets (id, flight_seat_id, cabin_baggage, checked_baggage, meal_id, booking_id, canceled, passenger_id, price_paid) overriding system value values (44, 22, 1, 1, 1, 26, false, 43, 210);
insert into public.tickets (id, flight_seat_id, cabin_baggage, checked_baggage, meal_id, booking_id, canceled, passenger_id, price_paid) overriding system value values (42, 20, 1, 1, 1, 26, false, 42, 210);
insert into public.tickets (id, flight_seat_id, cabin_baggage, checked_baggage, meal_id, booking_id, canceled, passenger_id, price_paid) overriding system value values (8, 4, 1, 1, 1, 6, false, 8, 330);
insert into public.tickets (id, flight_seat_id, cabin_baggage, checked_baggage, meal_id, booking_id, canceled, passenger_id, price_paid) overriding system value values (18, 11, 1, 1, 1, 12, false, 18, 210);
insert into public.tickets (id, flight_seat_id, cabin_baggage, checked_baggage, meal_id, booking_id, canceled, passenger_id, price_paid) overriding system value values (19, 12, 1, 1, 1, 13, false, 19, 210);
insert into public.tickets (id, flight_seat_id, cabin_baggage, checked_baggage, meal_id, booking_id, canceled, passenger_id, price_paid) overriding system value values (14, 8, 1, 1, 1, 10, false, 14, 260);
insert into public.tickets (id, flight_seat_id, cabin_baggage, checked_baggage, meal_id, booking_id, canceled, passenger_id, price_paid) overriding system value values (20, 13, 1, 1, 1, 13, false, 20, 210);
insert into public.tickets (id, flight_seat_id, cabin_baggage, checked_baggage, meal_id, booking_id, canceled, passenger_id, price_paid) overriding system value values (13, 7, 1, 1, 1, 10, false, 13, 260);
insert into public.tickets (id, flight_seat_id, cabin_baggage, checked_baggage, meal_id, booking_id, canceled, passenger_id, price_paid) overriding system value values (26, 15, 1, 1, 1, 17, false, 26, 210);
insert into public.tickets (id, flight_seat_id, cabin_baggage, checked_baggage, meal_id, booking_id, canceled, passenger_id, price_paid) overriding system value values (27, 16, 1, 1, 1, 17, false, 27, 210);
insert into public.tickets (id, flight_seat_id, cabin_baggage, checked_baggage, meal_id, booking_id, canceled, passenger_id, price_paid) overriding system value values (3, 1, 1, 1, 1, 3, false, 3, 500);
insert into public.tickets (id, flight_seat_id, cabin_baggage, checked_baggage, meal_id, booking_id, canceled, passenger_id, price_paid) overriding system value values (17, 10, 1, 1, 1, 12, false, 17, 260);
insert into public.tickets (id, flight_seat_id, cabin_baggage, checked_baggage, meal_id, booking_id, canceled, passenger_id, price_paid) overriding system value values (16, 9, 1, 1, 1, 12, false, 16, 260);
insert into public.tickets (id, flight_seat_id, cabin_baggage, checked_baggage, meal_id, booking_id, canceled, passenger_id, price_paid) overriding system value values (10, 6, 1, 1, 1, 7, false, 10, 330);
insert into public.tickets (id, flight_seat_id, cabin_baggage, checked_baggage, meal_id, booking_id, canceled, passenger_id, price_paid) overriding system value values (4, 2, 1, 1, 1, 3, false, 4, 500);
insert into public.tickets (id, flight_seat_id, cabin_baggage, checked_baggage, meal_id, booking_id, canceled, passenger_id, price_paid) overriding system value values (9, 5, 1, 1, 1, 7, false, 9, 330);
insert into public.tickets (id, flight_seat_id, cabin_baggage, checked_baggage, meal_id, booking_id, canceled, passenger_id, price_paid) overriding system value values (32, 18, 1, 1, 1, 20, false, 32, 210);
insert into public.tickets (id, flight_seat_id, cabin_baggage, checked_baggage, meal_id, booking_id, canceled, passenger_id, price_paid) overriding system value values (22, 67, 1, 1, 1, 15, false, 22, 550);
insert into public.tickets (id, flight_seat_id, cabin_baggage, checked_baggage, meal_id, booking_id, canceled, passenger_id, price_paid) overriding system value values (23, 68, 1, 1, 1, 16, false, 23, 550);
insert into public.tickets (id, flight_seat_id, cabin_baggage, checked_baggage, meal_id, booking_id, canceled, passenger_id, price_paid) overriding system value values (21, 66, 1, 1, 1, 14, false, 21, 550);
insert into public.tickets (id, flight_seat_id, cabin_baggage, checked_baggage, meal_id, booking_id, canceled, passenger_id, price_paid) overriding system value values (24, 69, 1, 1, 1, 16, false, 24, 550);
insert into public.tickets (id, flight_seat_id, cabin_baggage, checked_baggage, meal_id, booking_id, canceled, passenger_id, price_paid) overriding system value values (30, 72, 1, 1, 1, 18, false, 30, 550);
insert into public.tickets (id, flight_seat_id, cabin_baggage, checked_baggage, meal_id, booking_id, canceled, passenger_id, price_paid) overriding system value values (28, 70, 1, 1, 1, 18, false, 28, 550);
insert into public.tickets (id, flight_seat_id, cabin_baggage, checked_baggage, meal_id, booking_id, canceled, passenger_id, price_paid) overriding system value values (29, 71, 1, 1, 1, 18, false, 29, 550);
insert into public.tickets (id, flight_seat_id, cabin_baggage, checked_baggage, meal_id, booking_id, canceled, passenger_id, price_paid) overriding system value values (34, 73, 1, 1, 1, 21, false, 34, 550);
insert into public.tickets (id, flight_seat_id, cabin_baggage, checked_baggage, meal_id, booking_id, canceled, passenger_id, price_paid) overriding system value values (35, 74, 1, 1, 1, 22, false, 35, 550);
insert into public.tickets (id, flight_seat_id, cabin_baggage, checked_baggage, meal_id, booking_id, canceled, passenger_id, price_paid) overriding system value values (2, 60, 1, 1, 1, 2, false, 2, 550);
insert into public.tickets (id, flight_seat_id, cabin_baggage, checked_baggage, meal_id, booking_id, canceled, passenger_id, price_paid) overriding system value values (1, 59, 1, 1, 1, 1, false, 1, 550);
insert into public.tickets (id, flight_seat_id, cabin_baggage, checked_baggage, meal_id, booking_id, canceled, passenger_id, price_paid) overriding system value values (6, 62, 1, 1, 1, 5, false, 6, 550);
insert into public.tickets (id, flight_seat_id, cabin_baggage, checked_baggage, meal_id, booking_id, canceled, passenger_id, price_paid) overriding system value values (40, 75, 1, 1, 1, 25, false, 40, 550);
insert into public.tickets (id, flight_seat_id, cabin_baggage, checked_baggage, meal_id, booking_id, canceled, passenger_id, price_paid) overriding system value values (41, 76, 1, 1, 1, 25, false, 41, 550);
insert into public.tickets (id, flight_seat_id, cabin_baggage, checked_baggage, meal_id, booking_id, canceled, passenger_id, price_paid) overriding system value values (5, 61, 1, 1, 1, 4, false, 5, 550);
insert into public.tickets (id, flight_seat_id, cabin_baggage, checked_baggage, meal_id, booking_id, canceled, passenger_id, price_paid) overriding system value values (11, 63, 1, 1, 1, 8, false, 11, 550);
insert into public.tickets (id, flight_seat_id, cabin_baggage, checked_baggage, meal_id, booking_id, canceled, passenger_id, price_paid) overriding system value values (15, 65, 1, 1, 1, 11, false, 15, 550);
insert into public.tickets (id, flight_seat_id, cabin_baggage, checked_baggage, meal_id, booking_id, canceled, passenger_id, price_paid) overriding system value values (12, 64, 1, 1, 1, 9, false, 12, 550);
insert into public.tickets (id, flight_seat_id, cabin_baggage, checked_baggage, meal_id, booking_id, canceled, passenger_id, price_paid) overriding system value values (37, 25, 1, 1, 1, 23, false, 37, 210);
insert into public.tickets (id, flight_seat_id, cabin_baggage, checked_baggage, meal_id, booking_id, canceled, passenger_id, price_paid) overriding system value values (31, 17, 1, 1, 1, 19, false, 31, 210);
insert into public.tickets (id, flight_seat_id, cabin_baggage, checked_baggage, meal_id, booking_id, canceled, passenger_id, price_paid) overriding system value values (43, 21, 1, 1, 1, 27, false, 44, 210);
insert into public.tickets (id, flight_seat_id, cabin_baggage, checked_baggage, meal_id, booking_id, canceled, passenger_id, price_paid) overriding system value values (36, 26, 1, 1, 1, 23, false, 36, 210);
insert into public.tickets (id, flight_seat_id, cabin_baggage, checked_baggage, meal_id, booking_id, canceled, passenger_id, price_paid) overriding system value values (33, 19, 1, 1, 1, 20, false, 33, 210);
insert into public.tickets (id, flight_seat_id, cabin_baggage, checked_baggage, meal_id, booking_id, canceled, passenger_id, price_paid) overriding system value values (38, 24, 1, 1, 1, 23, false, 38, 210);
insert into public.tickets (id, flight_seat_id, cabin_baggage, checked_baggage, meal_id, booking_id, canceled, passenger_id, price_paid) overriding system value values (39, 23, 1, 1, 1, 24, false, 39, 210);
insert into public.tickets (id, flight_seat_id, cabin_baggage, checked_baggage, meal_id, booking_id, canceled, passenger_id, price_paid) overriding system value values (7, 3, 1, 1, 1, 6, false, 7, 330);
alter sequence public.tickets_id_seq restart with 45;